id	hospitals	name
10001	2	Kent
10003	10	New Castle
10005	3	Sussex
11001	16	District of Columbia
12001	6	Alachua
12003	2	Baker
12005	6	Bay
12007	1	Bradford
12009	12	Brevard
12011	28	Broward
12013	1	Calhoun
12015	4	Charlotte
12017	2	Citrus
12019	3	Clay
12021	5	Collier
12023	3	Columbia
12027	1	DeSoto
12029	0	Dixie
12031	14	Duval
12033	9	Escambia
12035	1	Flagler
12037	1	Franklin
12039	2	Gadsden
12041	0	Gilchrist
12043	0	Glades
12045	1	Gulf
12047	0	Hamilton
12049	1	Hardee
12051	1	Hendry
12053	5	Hernando
12055	3	Highlands
12057	22	Hillsborough
12059	1	Holmes
12061	4	Indian River
12063	2	Jackson
12065	0	Jefferson
12067	0	Lafayette
12069	6	Lake
12071	7	Lee
12073	5	Leon
12075	1	Levy
12077	0	Liberty
12079	1	Madison
12081	5	Manatee
12083	7	Marion
12085	4	Martin
12086	38	Miami-Dade
12087	4	Monroe
12089	1	Nassau
12091	6	Okaloosa
12093	1	Okeechobee
12095	17	Orange
12097	5	Osceola
12099	20	Palm Beach
12101	10	Pasco
12103	18	Pinellas
12105	6	Polk
12107	1	Putnam
12109	1	St. Johns
12111	6	St. Lucie
12113	5	Santa Rosa
12115	7	Sarasota
12117	4	Seminole
12119	2	Sumter
12121	1	Suwannee
12123	2	Taylor
12125	3	Union
12127	9	Volusia
12129	0	Wakulla
12131	2	Walton
12133	1	Washington
13001	1	Appling
13003	0	Atkinson
13005	1	Bacon
13007	0	Baker
13009	2	Baldwin
13011	0	Banks
13013	1	Barrow
13015	1	Bartow
13017	1	Ben Hill
13019	1	Berrien
13021	8	Bibb
13023	1	Bleckley
13025	0	Brantley
13027	1	Brooks
13029	0	Bryan
13031	2	Bulloch
13033	1	Burke
13035	1	Butts
13037	1	Calhoun
13039	1	Camden
13043	1	Candler
13045	3	Carroll
13047	1	Catoosa
13049	1	Charlton
13051	9	Chatham
13053	1	Chattahoochee
13055	1	Chattooga
13057	1	Cherokee
13059	3	Clarke
13061	0	Clay
13063	4	Clayton
13065	1	Clinch
13067	6	Cobb
13069	1	Coffee
13071	2	Colquitt
13073	0	Columbia
13075	1	Cook
13077	3	Coweta
13079	0	Crawford
13081	1	Crisp
13083	1	Dade
13085	0	Dawson
13087	1	Decatur
13089	15	DeKalb
13091	1	Dodge
13093	1	Dooly
13095	2	Dougherty
13097	2	Douglas
13099	1	Early
13101	0	Echols
13103	2	Effingham
13105	1	Elbert
13107	1	Emanuel
13109	1	Evans
13111	1	Fannin
13113	1	Fayette
13115	5	Floyd
13117	1	Forsyth
13119	3	Franklin
13121	19	Fulton
13123	1	Gilmer
13125	0	Glascock
13127	2	Glynn
13129	1	Gordon
13131	1	Grady
13133	2	Greene
13135	6	Gwinnett
13137	1	Habersham
13139	2	Hall
13141	0	Hancock
13143	1	Haralson
13145	0	Harris
13147	1	Hart
13149	0	Heard
13151	2	Henry
13153	3	Houston
13155	1	Irwin
13157	1	Jackson
13159	1	Jasper
13161	1	Jeff Davis
13163	1	Jefferson
13165	1	Jenkins
13167	0	Johnson
13169	0	Jones
13171	0	Lamar
13173	1	Lanier
13175	2	Laurens
13177	0	Lee
13179	2	Liberty
13181	0	Lincoln
13183	0	Long
13185	4	Lowndes
13187	1	Lumpkin
13189	2	McDuffie
13191	0	McIntosh
13193	1	Macon
13195	0	Madison
13197	0	Marion
13199	3	Meriwether
13201	1	Miller
13205	1	Mitchell
13207	1	Monroe
13209	0	Montgomery
13211	1	Morgan
13213	1	Murray
13215	7	Muscogee
13217	1	Newton
13219	0	Oconee
13221	0	Oglethorpe
13223	2	Paulding
13225	3	Peach
13227	1	Pickens
13229	0	Pierce
13231	0	Pike
13233	2	Polk
13235	1	Pulaski
13237	1	Putnam
13239	0	Quitman
13241	1	Rabun
13243	1	Randolph
13245	12	Richmond
13247	1	Rockdale
13249	0	Schley
13251	1	Screven
13253	1	Seminole
13255	1	Spalding
13257	1	Stephens
13259	1	Stewart
13261	2	Sumter
13263	0	Talbot
13265	0	Taliaferro
13267	1	Tattnall
13269	1	Taylor
13271	0	Telfair
13273	0	Terrell
13275	2	Thomas
13277	1	Tift
13279	1	Toombs
13281	1	Towns
13283	0	Treutlen
13285	1	Troup
13287	0	Turner
13289	0	Twiggs
13291	1	Union
13293	1	Upson
13295	0	Walker
13297	2	Walton
13299	2	Ware
13301	0	Warren
13303	1	Washington
13305	1	Wayne
13307	0	Webster
13309	1	Wheeler
13311	0	White
13313	1	Whitfield
13315	0	Wilcox
13317	1	Wilkes
13319	0	Wilkinson
13321	1	Worth
15001	6	Hawaii
15003	17	Honolulu
15005	0	Kalawao
15007	2	Kauai
15009	4	Maui
16001	11	Ada
16003	0	Adams
16005	2	Bannock
16007	1	Bear Lake
16009	1	Benewah
16011	3	Bingham
16013	1	Blaine
16015	0	Boise
16017	1	Bonner
16019	2	Bonneville
16021	1	Boundary
16023	1	Butte
16025	0	Camas
16027	2	Canyon
16029	1	Caribou
16031	1	Cassia
16033	0	Clark
16035	2	Clearwater
16037	0	Custer
16039	1	Elmore
16041	1	Franklin
16043	0	Fremont
16045	1	Gem
16047	1	Gooding
16049	2	Idaho
16051	0	Jefferson
16053	1	Jerome
16055	4	Kootenai
16057	1	Latah
16059	1	Lemhi
16061	0	Lewis
16063	0	Lincoln
16065	1	Madison
16067	1	Minidoka
16069	1	Nez Perce
16071	1	Oneida
16073	0	Owyhee
16075	0	Payette
16077	1	Power
16079	1	Shoshone
16081	1	Teton
16083	2	Twin Falls
16085	2	Valley
16087	1	Washington
17001	2	Adams
17003	0	Alexander
17005	1	Bond
17007	1	Boone
17009	0	Brown
17011	2	Bureau
17013	0	Calhoun
17015	0	Carroll
17017	0	Cass
17019	3	Champaign
17021	2	Christian
17023	0	Clark
17025	1	Clay
17027	1	Clinton
17029	1	Coles
17031	73	Cook
17033	1	Crawford
17035	0	Cumberland
17037	3	DeKalb
17039	1	De Witt
17041	0	Douglas
17043	8	DuPage
17045	1	Edgar
17047	0	Edwards
17049	1	Effingham
17051	1	Fayette
17053	1	Ford
17055	1	Franklin
17057	1	Fulton
17059	0	Gallatin
17061	1	Greene
17063	1	Grundy
17065	1	Hamilton
17067	1	Hancock
17069	1	Hardin
17071	0	Henderson
17073	2	Henry
17075	1	Iroquois
17077	2	Jackson
17079	0	Jasper
17081	3	Jefferson
17083	1	Jersey
17085	1	Jo Daviess
17087	0	Johnson
17089	5	Kane
17091	2	Kankakee
17093	0	Kendall
17095	2	Knox
17097	8	Lake
17099	5	LaSalle
17101	1	Lawrence
17103	1	Lee
17105	1	Livingston
17107	1	Logan
17109	1	McDonough
17111	3	McHenry
17113	2	McLean
17115	2	Macon
17117	2	Macoupin
17119	7	Madison
17121	2	Marion
17123	0	Marshall
17125	1	Mason
17127	1	Massac
17129	0	Menard
17131	1	Mercer
17133	0	Monroe
17135	2	Montgomery
17137	1	Morgan
17139	0	Moultrie
17141	1	Ogle
17143	4	Peoria
17145	2	Perry
17147	2	Piatt
17149	1	Pike
17151	0	Pope
17153	0	Pulaski
17155	0	Putnam
17157	3	Randolph
17159	1	Richland
17161	3	Rock Island
17163	3	St. Clair
17165	2	Saline
17167	4	Sangamon
17169	1	Schuyler
17171	0	Scott
17173	1	Shelby
17175	0	Stark
17177	1	Stephenson
17179	2	Tazewell
17181	1	Union
17183	3	Vermilion
17185	1	Wabash
17187	1	Warren
17189	1	Washington
17191	1	Wayne
17193	0	White
17195	2	Whiteside
17197	4	Will
17199	3	Williamson
17201	4	Winnebago
17203	1	Woodford
18001	1	Adams
18003	12	Allen
18005	1	Bartholomew
18007	0	Benton
18009	1	Blackford
18011	1	Boone
18013	0	Brown
18015	0	Carroll
18017	3	Cass
18019	4	Clark
18021	1	Clay
18023	1	Clinton
18025	0	Crawford
18027	1	Daviess
18029	2	Dearborn
18031	1	Decatur
18033	2	DeKalb
18035	3	Delaware
18037	1	Dubois
18039	3	Elkhart
18041	1	Fayette
18043	3	Floyd
18045	0	Fountain
18047	0	Franklin
18049	1	Fulton
18051	1	Gibson
18053	3	Grant
18055	1	Greene
18057	6	Hamilton
18059	1	Hancock
18061	1	Harrison
18063	2	Hendricks
18065	1	Henry
18067	3	Howard
18069	1	Huntington
18071	1	Jackson
18073	1	Jasper
18075	1	Jay
18077	3	Jefferson
18079	1	Jennings
18081	3	Johnson
18083	1	Knox
18085	2	Kosciusko
18087	1	LaGrange
18089	15	Lake
18091	2	LaPorte
18093	2	Lawrence
18095	4	Madison
18097	23	Marion
18099	4	Marshall
18101	0	Martin
18103	1	Miami
18105	3	Monroe
18107	1	Montgomery
18109	2	Morgan
18111	0	Newton
18113	1	Noble
18115	0	Ohio
18117	1	Orange
18119	0	Owen
18121	0	Parke
18123	1	Perry
18125	0	Pike
18127	3	Porter
18129	0	Posey
18131	1	Pulaski
18133	1	Putnam
18135	1	Randolph
18137	1	Ripley
18139	1	Rush
18141	6	St. Joseph
18143	1	Scott
18145	1	Shelby
18147	0	Spencer
18149	1	Starke
18151	1	Steuben
18153	1	Sullivan
18155	0	Switzerland
18157	7	Tippecanoe
18159	1	Tipton
18161	0	Union
18163	6	Vanderburgh
18165	1	Vermillion
18167	4	Vigo
18169	1	Wabash
18171	1	Warren
18173	4	Warrick
18175	1	Washington
18177	3	Wayne
18179	1	Wells
18181	1	White
18183	1	Whitley
19001	1	Adair
19003	1	Adams
19005	1	Allamakee
19007	1	Appanoose
19009	1	Audubon
19011	1	Benton
19013	3	Black Hawk
19015	1	Boone
19017	2	Bremer
19019	2	Buchanan
19021	1	Buena Vista
19023	0	Butler
19025	1	Calhoun
19027	3	Carroll
19029	1	Cass
19031	0	Cedar
19033	2	Cerro Gordo
19035	2	Cherokee
19037	1	Chickasaw
19039	1	Clarke
19041	1	Clay
19043	2	Clayton
19045	3	Clinton
19047	2	Crawford
19049	2	Dallas
19051	1	Davis
19053	1	Decatur
19055	1	Delaware
19057	1	Des Moines
19059	1	Dickinson
19061	3	Dubuque
19063	1	Emmet
19065	2	Fayette
19067	1	Floyd
19069	1	Franklin
19071	1	Fremont
19073	1	Greene
19075	1	Grundy
19077	1	Guthrie
19079	1	Hamilton
19081	1	Hancock
19083	2	Hardin
19085	1	Harrison
19087	2	Henry
19089	1	Howard
19091	1	Humboldt
19093	1	Ida
19095	1	Iowa
19097	1	Jackson
19099	1	Jasper
19101	1	Jefferson
19103	4	Johnson
19105	2	Jones
19107	1	Keokuk
19109	1	Kossuth
19111	2	Lee
19113	3	Linn
19115	0	Louisa
19117	1	Lucas
19119	1	Lyon
19121	1	Madison
19123	1	Mahaska
19125	3	Marion
19127	1	Marshall
19129	1	Mills
19131	1	Mitchell
19133	1	Monona
19135	1	Monroe
19137	1	Montgomery
19139	1	Muscatine
19141	2	O'Brien
19143	1	Osceola
19145	4	Page
19147	1	Palo Alto
19149	1	Plymouth
19151	1	Pocahontas
19153	8	Polk
19155	2	Pottawattamie
19157	1	Poweshiek
19159	2	Ringgold
19161	1	Sac
19163	4	Scott
19165	1	Shelby
19167	6	Sioux
19169	4	Story
19171	0	Tama
19173	0	Taylor
19175	1	Union
19177	1	Van Buren
19179	1	Wapello
19181	0	Warren
19183	1	Washington
19185	1	Wayne
19187	1	Webster
19189	0	Winnebago
19191	1	Winneshiek
19193	3	Woodbury
19195	0	Worth
19197	2	Wright
20001	2	Allen
20003	1	Anderson
20005	1	Atchison
20007	3	Barber
20009	3	Barton
20011	1	Bourbon
20013	2	Brown
20015	2	Butler
20017	0	Chase
20019	1	Chautauqua
20021	2	Cherokee
20023	1	Cheyenne
20025	2	Clark
20027	1	Clay
20029	1	Cloud
20031	2	Coffey
20033	1	Comanche
20035	2	Cowley
20037	2	Crawford
20039	1	Decatur
20041	2	Dickinson
20043	0	Doniphan
20045	1	Douglas
20047	1	Edwards
20049	0	Elk
20051	1	Ellis
20053	1	Ellsworth
20055	1	Finney
20057	1	Ford
20059	1	Franklin
20061	2	Geary
20063	1	Gove
20065	1	Graham
20067	1	Grant
20069	0	Gray
20071	1	Greeley
20073	1	Greenwood
20075	1	Hamilton
20077	2	Harper
20079	2	Harvey
20081	1	Haskell
20083	1	Hodgeman
20085	1	Jackson
20087	1	Jefferson
20089	1	Jewell
20091	16	Johnson
20093	1	Kearny
20095	1	Kingman
20097	1	Kiowa
20099	3	Labette
20101	1	Lane
20103	3	Leavenworth
20105	1	Lincoln
20107	0	Linn
20109	1	Logan
20111	1	Lyon
20113	3	McPherson
20115	2	Marion
20117	1	Marshall
20119	1	Meade
20121	2	Miami
20123	1	Mitchell
20125	2	Montgomery
20127	1	Morris
20129	1	Morton
20131	2	Nemaha
20133	1	Neosho
20135	3	Ness
20137	1	Norton
20139	0	Osage
20141	1	Osborne
20143	1	Ottawa
20145	2	Pawnee
20147	1	Phillips
20149	3	Pottawatomie
20151	1	Pratt
20153	1	Rawlins
20155	2	Reno
20157	1	Republic
20159	1	Rice
20161	2	Riley
20163	1	Rooks
20165	1	Rush
20167	1	Russell
20169	2	Saline
20171	2	Scott
20173	13	Sedgwick
20175	1	Seward
20177	4	Shawnee
20179	1	Sheridan
20181	1	Sherman
20183	1	Smith
20185	1	Stafford
20187	1	Stanton
20189	1	Stevens
20191	2	Sumner
20193	1	Thomas
20195	1	Trego
20197	0	Wabaunsee
20199	0	Wallace
20201	2	Washington
20203	1	Wichita
20205	2	Wilson
20207	0	Woodson
20209	4	Wyandotte
21001	1	Adair
21003	1	Allen
21005	0	Anderson
21007	0	Ballard
21009	1	Barren
21011	0	Bath
21013	2	Bell
21015	2	Boone
21017	1	Bourbon
21019	1	Boyd
21021	1	Boyle
21023	0	Bracken
21025	1	Breathitt
21027	1	Breckinridge
21029	0	Bullitt
21031	0	Butler
21033	1	Caldwell
21035	1	Calloway
21037	1	Campbell
21039	0	Carlisle
21041	1	Carroll
21043	0	Carter
21045	1	Casey
21047	3	Christian
21049	1	Clark
21051	1	Clay
21053	1	Clinton
21055	1	Crittenden
21057	1	Cumberland
21059	2	Daviess
21061	0	Edmonson
21063	0	Elliott
21065	1	Estill
21067	11	Fayette
21069	1	Fleming
21071	3	Floyd
21073	1	Franklin
21075	1	Fulton
21077	0	Gallatin
21079	1	Garrard
21081	1	Grant
21083	1	Graves
21085	1	Grayson
21087	1	Green
21089	1	Greenup
21091	0	Hancock
21093	4	Hardin
21095	1	Harlan
21097	1	Harrison
21099	1	Hart
21101	1	Henderson
21103	0	Henry
21105	0	Hickman
21107	1	Hopkins
21109	0	Jackson
21111	17	Jefferson
21113	0	Jessamine
21115	1	Johnson
21117	4	Kenton
21119	0	Knott
21121	1	Knox
21123	0	Larue
21125	1	Laurel
21127	1	Lawrence
21129	0	Lee
21131	1	Leslie
21133	1	Letcher
21135	0	Lewis
21137	1	Lincoln
21139	1	Livingston
21141	1	Logan
21143	0	Lyon
21145	2	McCracken
21147	0	McCreary
21149	0	McLean
21151	2	Madison
21153	0	Magoffin
21155	1	Marion
21157	1	Marshall
21159	0	Martin
21161	1	Mason
21163	0	Meade
21165	0	Menifee
21167	1	Mercer
21169	0	Metcalfe
21171	1	Monroe
21173	1	Montgomery
21175	1	Morgan
21177	1	Muhlenberg
21179	1	Nelson
21181	1	Nicholas
21183	1	Ohio
21185	2	Oldham
21187	1	Owen
21189	0	Owsley
21191	0	Pendleton
21193	1	Perry
21195	2	Pike
21197	0	Powell
21199	1	Pulaski
21201	0	Robertson
21203	1	Rockcastle
21205	1	Rowan
21207	1	Russell
21209	1	Scott
21211	1	Shelby
21213	1	Simpson
21215	0	Spencer
21217	1	Taylor
21219	0	Todd
21221	1	Trigg
21223	0	Trimble
21225	1	Union
21227	4	Warren
21229	0	Washington
21231	1	Wayne
21233	0	Webster
21235	1	Whitley
21237	0	Wolfe
21239	1	Woodford
22001	6	Acadia
22003	2	Allen
22005	6	Ascension
22007	1	Assumption
22009	3	Avoyelles
22011	2	Beauregard
22013	1	Bienville
22015	5	Bossier
22017	14	Caddo
22019	11	Calcasieu
22021	2	Caldwell
22023	1	Cameron
22025	0	Catahoula
22027	1	Claiborne
22029	2	Concordia
22031	1	De Soto
22033	22	East Baton Rouge
22035	1	East Carroll
22037	4	East Feliciana
22039	2	Evangeline
22041	1	Franklin
22043	0	Grant
22045	3	Iberia
22047	1	Iberville
22049	1	Jackson
22051	15	Jefferson
22053	4	Jefferson Davis
22055	18	Lafayette
22057	3	Lafourche
22059	2	La Salle
22061	4	Lincoln
22063	1	Livingston
22065	1	Madison
22067	3	Morehouse
22069	2	Natchitoches
22071	16	Orleans
22073	11	Ouachita
22075	0	Plaquemines
22077	1	Pointe Coupee
22079	14	Rapides
22081	2	Red River
22083	2	Richland
22085	1	Sabine
22087	1	St. Bernard
22089	1	St. Charles
22091	1	St. Helena
22093	2	St. James
22095	1	St. John the Baptist
22097	6	St. Landry
22099	2	St. Martin
22101	2	St. Mary
22103	14	St. Tammany
22105	10	Tangipahoa
22107	0	Tensas
22109	5	Terrebonne
22111	3	Union
22113	2	Vermilion
22115	6	Vernon
22117	4	Washington
22119	2	Webster
22121	0	West Baton Rouge
22123	1	West Carroll
22125	1	West Feliciana
22127	3	Winn
23001	2	Androscoggin
23003	6	Aroostook
23005	8	Cumberland
23007	1	Franklin
23009	4	Hancock
23011	8	Kennebec
23013	1	Knox
23015	2	Lincoln
23017	2	Oxford
23019	6	Penobscot
23021	2	Piscataquis
23023	0	Sagadahoc
23025	2	Somerset
23027	1	Waldo
23029	2	Washington
23031	5	York
24001	2	Allegany
24003	2	Anne Arundel
24005	7	Baltimore
24009	1	Calvert
24011	0	Caroline
24013	2	Carroll
24015	2	Cecil
24017	1	Charles
24019	3	Dorchester
24021	1	Frederick
24023	1	Garrett
24025	2	Harford
24027	3	Howard
24029	1	Kent
24031	9	Montgomery
24033	8	Prince George's
24035	0	Queen Anne's
24037	1	St. Mary's
24039	1	Somerset
24041	1	Talbot
24043	3	Washington
24045	3	Wicomico
24047	1	Worcester
24510	18	Baltimore
25001	4	Barnstable
25003	4	Berkshire
25005	10	Bristol
25007	1	Dukes
25009	16	Essex
25011	1	Franklin
25013	10	Hampden
25015	4	Hampshire
25017	23	Middlesex
25019	1	Nantucket
25021	14	Norfolk
25023	8	Plymouth
25025	24	Suffolk
25027	15	Worcester
26001	0	Alcona
26003	1	Alger
26005	2	Allegan
26007	1	Alpena
26009	0	Antrim
26011	1	Arenac
26013	1	Baraga
26015	1	Barry
26017	3	Bay
26019	1	Benzie
26021	4	Berrien
26023	1	Branch
26025	5	Calhoun
26027	1	Cass
26029	1	Charlevoix
26031	0	Cheboygan
26033	1	Chippewa
26035	1	Clare
26037	1	Clinton
26039	1	Crawford
26041	1	Delta
26043	2	Dickinson
26045	2	Eaton
26047	1	Emmet
26049	4	Genesee
26051	1	Gladwin
26053	1	Gogebic
26055	1	Grand Traverse
26057	1	Gratiot
26059	1	Hillsdale
26061	2	Houghton
26063	3	Huron
26065	5	Ingham
26067	2	Ionia
26069	1	Iosco
26071	1	Iron
26073	1	Isabella
26075	2	Jackson
26077	2	Kalamazoo
26079	1	Kalkaska
26081	7	Kent
26083	0	Keweenaw
26085	0	Lake
26087	1	Lapeer
26089	0	Leelanau
26091	2	Lenawee
26093	2	Livingston
26095	1	Luce
26097	1	Mackinac
26099	7	Macomb
26101	1	Manistee
26103	2	Marquette
26105	1	Mason
26107	1	Mecosta
26109	0	Menominee
26111	1	Midland
26113	0	Missaukee
26115	1	Monroe
26117	4	Montcalm
26119	0	Montmorency
26121	3	Muskegon
26123	1	Newaygo
26125	17	Oakland
26127	1	Oceana
26129	1	Ogemaw
26131	1	Ontonagon
26133	1	Osceola
26135	0	Oscoda
26137	1	Otsego
26139	3	Ottawa
26141	1	Presque Isle
26143	0	Roscommon
26145	8	Saginaw
26147	3	St. Clair
26149	2	St. Joseph
26151	3	Sanilac
26153	2	Schoolcraft
26155	1	Shiawassee
26157	2	Tuscola
26159	2	Van Buren
26161	7	Washtenaw
26163	28	Wayne
26165	1	Wexford
27001	1	Aitkin
27003	2	Anoka
27005	1	Becker
27007	2	Beltrami
27009	0	Benton
27011	2	Big Stone
27013	1	Blue Earth
27015	3	Brown
27017	2	Carlton
27019	1	Carver
27021	1	Cass
27023	1	Chippewa
27025	1	Chisago
27027	0	Clay
27029	1	Clearwater
27031	1	Cook
27033	2	Cottonwood
27035	2	Crow Wing
27037	3	Dakota
27039	0	Dodge
27041	1	Douglas
27043	1	Faribault
27045	0	Fillmore
27047	1	Freeborn
27049	4	Goodhue
27051	2	Grant
27053	13	Hennepin
27055	0	Houston
27057	1	Hubbard
27059	1	Isanti
27061	3	Itasca
27063	1	Jackson
27065	1	Kanabec
27067	1	Kandiyohi
27069	1	Kittson
27071	1	Koochiching
27073	2	Lac qui Parle
27075	1	Lake
27077	1	Lake of the Woods
27079	1	Le Sueur
27081	2	Lincoln
27083	2	Lyon
27085	2	McLeod
27087	1	Mahnomen
27089	2	Marshall
27091	1	Martin
27093	1	Meeker
27095	1	Mille Lacs
27097	1	Morrison
27099	1	Mower
27101	1	Murray
27103	1	Nicollet
27105	1	Nobles
27107	1	Norman
27109	3	Olmsted
27111	2	Otter Tail
27113	2	Pennington
27115	2	Pine
27117	1	Pipestone
27119	2	Polk
27121	1	Pope
27123	6	Ramsey
27125	0	Red Lake
27127	1	Redwood
27129	2	Renville
27131	1	Rice
27133	1	Rock
27135	1	Roseau
27137	8	St. Louis
27139	2	Scott
27141	1	Sherburne
27143	1	Sibley
27145	6	Stearns
27147	1	Steele
27149	1	Stevens
27151	2	Swift
27153	2	Todd
27155	1	Traverse
27157	1	Wabasha
27159	1	Wadena
27161	1	Waseca
27163	2	Washington
27165	2	Watonwan
27167	1	Wilkin
27169	1	Winona
27171	2	Wright
27173	2	Yellow Medicine
28001	2	Adams
28003	1	Alcorn
28005	1	Amite
28007	1	Attala
28009	0	Benton
28011	1	Bolivar
28013	1	Calhoun
28015	0	Carroll
28017	1	Chickasaw
28019	2	Choctaw
28021	1	Claiborne
28023	1	Clarke
28025	1	Clay
28027	1	Coahoma
28029	1	Copiah
28031	1	Covington
28033	3	DeSoto
28035	2	Forrest
28037	1	Franklin
28039	1	George
28041	1	Greene
28043	1	Grenada
28045	1	Hancock
28047	6	Harrison
28049	9	Hinds
28051	1	Holmes
28053	1	Humphreys
28055	0	Issaquena
28057	0	Itawamba
28059	2	Jackson
28061	1	Jasper
28063	1	Jefferson
28065	1	Jefferson Davis
28067	1	Jones
28069	0	Kemper
28071	1	Lafayette
28073	2	Lamar
28075	7	Lauderdale
28077	1	Lawrence
28079	1	Leake
28081	2	Lee
28083	2	Leflore
28085	1	Lincoln
28087	1	Lowndes
28089	2	Madison
28091	1	Marion
28093	1	Marshall
28095	2	Monroe
28097	2	Montgomery
28099	2	Neshoba
28101	2	Newton
28103	1	Noxubee
28105	1	Oktibbeha
28107	1	Panola
28109	3	Pearl River
28111	1	Perry
28113	2	Pike
28115	1	Pontotoc
28117	1	Prentiss
28119	1	Quitman
28121	7	Rankin
28123	2	Scott
28125	1	Sharkey
28127	2	Simpson
28129	1	Smith
28131	1	Stone
28133	3	Sunflower
28135	1	Tallahatchie
28137	1	Tate
28139	1	Tippah
28141	1	Tishomingo
28143	0	Tunica
28145	1	Union
28147	1	Walthall
28149	2	Warren
28151	3	Washington
28153	1	Wayne
28155	1	Webster
28157	1	Wilkinson
28159	3	Winston
28161	1	Yalobusha
28163	1	Yazoo
29001	1	Adair
29003	0	Andrew
29005	1	Atchison
29007	1	Audrain
29009	2	Barry
29011	1	Barton
29013	1	Bates
29015	0	Benton
29017	0	Bollinger
29019	6	Boone
29021	3	Buchanan
29023	5	Butler
29025	0	Caldwell
29027	2	Callaway
29029	2	Camden
29031	3	Cape Girardeau
29033	1	Carroll
29035	0	Carter
29037	2	Cass
29039	2	Cedar
29041	0	Chariton
29043	0	Christian
29045	0	Clark
29047	6	Clay
29049	1	Clinton
29051	3	Cole
29053	1	Cooper
29055	1	Crawford
29057	0	Dade
29059	0	Dallas
29061	0	Daviess
29063	0	DeKalb
29065	1	Dent
29067	0	Douglas
29069	1	Dunklin
29071	1	Franklin
29073	1	Gasconade
29075	1	Gentry
29077	9	Greene
29079	1	Grundy
29081	1	Harrison
29083	2	Henry
29085	0	Hickory
29087	0	Holt
29089	0	Howard
29091	2	Howell
29093	1	Iron
29095	19	Jackson
29097	2	Jasper
29099	1	Jefferson
29101	2	Johnson
29103	0	Knox
29105	1	Laclede
29107	1	Lafayette
29109	2	Lawrence
29111	0	Lewis
29113	1	Lincoln
29115	1	Linn
29117	2	Livingston
29119	0	McDonald
29121	1	Macon
29123	1	Madison
29125	0	Maries
29127	1	Marion
29129	0	Mercer
29131	0	Miller
29133	0	Mississippi
29135	0	Moniteau
29137	0	Monroe
29139	0	Montgomery
29141	0	Morgan
29143	0	New Madrid
29145	5	Newton
29147	1	Nodaway
29149	0	Oregon
29151	0	Osage
29153	0	Ozark
29155	1	Pemiscot
29157	1	Perry
29159	1	Pettis
29161	1	Phelps
29163	1	Pike
29165	1	Platte
29167	1	Polk
29169	1	Pulaski
29171	1	Putnam
29173	0	Ralls
29175	1	Randolph
29177	1	Ray
29179	1	Reynolds
29181	1	Ripley
29183	7	St. Charles
29185	2	St. Clair
29186	1	Ste. Genevieve
29187	4	St. Francois
29189	21	St. Louis
29195	2	Saline
29197	0	Schuyler
29199	1	Scotland
29201	1	Scott
29203	0	Shannon
29205	0	Shelby
29207	1	Stoddard
29209	0	Stone
29211	1	Sullivan
29213	1	Taney
29215	1	Texas
29217	2	Vernon
29219	0	Warren
29221	1	Washington
29223	0	Wayne
29225	0	Webster
29227	0	Worth
29229	0	Wright
29510	16	St. Louis
30001	1	Beaverhead
30003	2	Big Horn
30005	1	Blaine
30007	1	Broadwater
30009	1	Carbon
30011	1	Carter
30013	3	Cascade
30015	2	Chouteau
30017	1	Custer
30019	1	Daniels
30021	1	Dawson
30023	2	Deer Lodge
30025	1	Fallon
30027	1	Fergus
30029	3	Flathead
30031	2	Gallatin
30033	1	Garfield
30035	2	Glacier
30037	0	Golden Valley
30039	1	Granite
30041	1	Hill
30043	0	Jefferson
30045	0	Judith Basin
30047	2	Lake
30049	3	Lewis and Clark
30051	1	Liberty
30053	1	Lincoln
30055	1	McCone
30057	2	Madison
30059	1	Meagher
30061	1	Mineral
30063	2	Missoula
30065	1	Musselshell
30067	2	Park
30069	0	Petroleum
30071	1	Phillips
30073	1	Pondera
30075	0	Powder River
30077	1	Powell
30079	1	Prairie
30081	1	Ravalli
30083	1	Richland
30085	3	Roosevelt
30087	1	Rosebud
30089	1	Sanders
30091	1	Sheridan
30093	1	Silver Bow
30095	1	Stillwater
30097	1	Sweet Grass
30099	1	Teton
30101	1	Toole
30103	0	Treasure
30105	1	Valley
30107	1	Wheatland
30109	0	Wibaux
30111	3	Yellowstone
31001	1	Adams
31003	2	Antelope
31005	0	Arthur
31007	0	Banner
31009	0	Blaine
31011	1	Boone
31013	1	Box Butte
31015	1	Boyd
31017	1	Brown
31019	3	Buffalo
31021	1	Burt
31023	1	Butler
31025	0	Cass
31027	0	Cedar
31029	1	Chase
31031	1	Cherry
31033	2	Cheyenne
31035	0	Clay
31037	1	Colfax
31039	1	Cuming
31041	2	Custer
31043	0	Dakota
31045	1	Dawes
31047	3	Dawson
31049	0	Deuel
31051	0	Dixon
31053	1	Dodge
31055	17	Douglas
31057	1	Dundy
31059	1	Fillmore
31061	1	Franklin
31063	0	Frontier
31065	1	Furnas
31067	2	Gage
31069	1	Garden
31071	0	Garfield
31073	0	Gosper
31075	0	Grant
31077	0	Greeley
31079	1	Hall
31081	1	Hamilton
31083	1	Harlan
31085	0	Hayes
31087	0	Hitchcock
31089	2	Holt
31091	0	Hooker
31093	1	Howard
31095	1	Jefferson
31097	1	Johnson
31099	1	Kearney
31101	1	Keith
31103	0	Keya Paha
31105	1	Kimball
31107	1	Knox
31109	8	Lancaster
31111	1	Lincoln
31113	0	Logan
31115	0	Loup
31117	0	McPherson
31119	3	Madison
31121	1	Merrick
31123	1	Morrill
31125	1	Nance
31127	1	Nemaha
31129	1	Nuckolls
31131	3	Otoe
31133	1	Pawnee
31135	1	Perkins
31137	1	Phelps
31139	2	Pierce
31141	1	Platte
31143	1	Polk
31145	1	Red Willow
31147	1	Richardson
31149	1	Rock
31151	2	Saline
31153	3	Sarpy
31155	1	Saunders
31157	1	Scotts Bluff
31159	1	Seward
31161	1	Sheridan
31163	0	Sherman
31165	0	Sioux
31167	0	Stanton
31169	1	Thayer
31171	0	Thomas
31173	2	Thurston
31175	1	Valley
31177	1	Washington
31179	1	Wayne
31181	1	Webster
31183	0	Wheeler
31185	2	York
32001	1	Churchill
32003	39	Clark
32005	2	Douglas
32007	2	Elko
32009	0	Esmeralda
32011	0	Eureka
32013	1	Humboldt
32015	1	Lander
32017	1	Lincoln
32019	3	Lyon
32021	1	Mineral
32023	2	Nye
32027	1	Pershing
32029	0	Storey
32031	13	Washoe
32033	1	White Pine
32510	3	Carson City
33001	1	Belknap
33003	2	Carroll
33005	1	Cheshire
33007	3	Coos
33009	5	Grafton
33011	11	Hillsborough
33013	4	Merrimack
33015	6	Rockingham
33017	2	Strafford
33019	1	Sullivan
34001	9	Atlantic
34003	10	Bergen
34005	9	Burlington
34007	11	Camden
34009	1	Cape May
34011	4	Cumberland
34013	14	Essex
34015	3	Gloucester
34017	8	Hudson
34019	1	Hunterdon
34021	12	Mercer
34023	13	Middlesex
34025	8	Monmouth
34027	10	Morris
34029	9	Ocean
34031	6	Passaic
34033	2	Salem
34035	5	Somerset
34037	2	Sussex
34039	10	Union
34041	3	Warren
35001	17	Bernalillo
35003	0	Catron
35005	3	Chaves
35006	2	Cibola
35007	1	Colfax
35009	1	Curry
35011	0	De Baca
35013	6	Do�a Ana
35015	2	Eddy
35017	1	Grant
35019	1	Guadalupe
35021	0	Harding
35023	0	Hidalgo
35025	2	Lea
35027	1	Lincoln
35028	1	Los Alamos
35029	1	Luna
35031	4	McKinley
35033	0	Mora
35035	2	Otero
35037	1	Quay
35039	1	Rio Arriba
35041	1	Roosevelt
35043	2	Sandoval
35045	3	San Juan
35047	2	San Miguel
35049	3	Santa Fe
35051	1	Sierra
35053	1	Socorro
35055	1	Taos
35057	0	Torrance
35059	1	Union
35061	0	Valencia
36001	7	Albany
36003	2	Allegany
36005	13	Bronx
36007	3	Broome
36009	2	Cattaraugus
36011	1	Cayuga
36013	5	Chautauqua
36015	2	Chemung
36017	1	Chenango
36019	1	Clinton
36021	1	Columbia
36023	1	Cortland
36025	4	Delaware
36027	4	Dutchess
36029	14	Erie
36031	3	Essex
36033	2	Franklin
36035	1	Fulton
36037	3	Genesee
36039	0	Greene
36041	0	Hamilton
36043	1	Herkimer
36045	3	Jefferson
36047	17	Kings
36049	1	Lewis
36051	1	Livingston
36053	2	Madison
36055	7	Monroe
36057	2	Montgomery
36059	13	Nassau
36061	26	New York
36063	5	Niagara
36065	5	Oneida
36067	6	Onondaga
36069	4	Ontario
36071	6	Orange
36073	1	Orleans
36075	2	Oswego
36077	2	Otsego
36079	1	Putnam
36081	10	Queens
36083	3	Rensselaer
36085	5	Richmond
36087	4	Rockland
36089	5	St. Lawrence
36091	2	Saratoga
36093	4	Schenectady
36095	1	Schoharie
36097	1	Schuyler
36099	0	Seneca
36101	6	Steuben
36103	14	Suffolk
36105	2	Sullivan
36107	0	Tioga
36109	1	Tompkins
36111	3	Ulster
36113	1	Warren
36115	0	Washington
36117	1	Wayne
36119	18	Westchester
36121	1	Wyoming
36123	1	Yates
37001	1	Alamance
37003	1	Alexander
37005	1	Alleghany
37007	2	Anson
37009	1	Ashe
37011	1	Avery
37013	2	Beaufort
37015	1	Bertie
37017	1	Bladen
37019	3	Brunswick
37021	4	Buncombe
37023	2	Burke
37025	2	Cabarrus
37027	1	Caldwell
37029	0	Camden
37031	1	Carteret
37033	0	Caswell
37035	2	Catawba
37037	1	Chatham
37039	1	Cherokee
37041	1	Chowan
37043	0	Clay
37045	4	Cleveland
37047	1	Columbus
37049	2	Craven
37051	4	Cumberland
37053	0	Currituck
37055	1	Dare
37057	2	Davidson
37059	1	Davie
37061	1	Duplin
37063	5	Durham
37065	1	Edgecombe
37067	5	Forsyth
37069	1	Franklin
37071	2	Gaston
37073	0	Gates
37075	0	Graham
37077	1	Granville
37079	0	Greene
37081	5	Guilford
37083	2	Halifax
37085	1	Harnett
37087	1	Haywood
37089	2	Henderson
37091	1	Hertford
37093	2	Hoke
37095	0	Hyde
37097	3	Iredell
37099	1	Jackson
37101	1	Johnston
37103	0	Jones
37105	1	Lee
37107	1	Lenoir
37109	1	Lincoln
37111	1	McDowell
37113	2	Macon
37115	0	Madison
37117	1	Martin
37119	11	Mecklenburg
37121	1	Mitchell
37123	1	Montgomery
37125	1	Moore
37127	2	Nash
37129	2	New Hanover
37131	0	Northampton
37133	2	Onslow
37135	1	Orange
37137	0	Pamlico
37139	1	Pasquotank
37141	1	Pender
37143	0	Perquimans
37145	1	Person
37147	1	Pitt
37149	1	Polk
37151	1	Randolph
37153	2	Richmond
37155	1	Robeson
37157	2	Rockingham
37159	2	Rowan
37161	1	Rutherford
37163	1	Sampson
37165	1	Scotland
37167	1	Stanly
37169	1	Stokes
37171	2	Surry
37173	2	Swain
37175	1	Transylvania
37177	0	Tyrrell
37179	1	Union
37181	1	Vance
37183	6	Wake
37185	0	Warren
37187	1	Washington
37189	2	Watauga
37191	1	Wayne
37193	1	Wilkes
37195	1	Wilson
37197	1	Yadkin
37199	0	Yancey
38001	1	Adams
38003	1	Barnes
38005	0	Benson
38007	0	Billings
38009	1	Bottineau
38011	1	Bowman
38013	0	Burke
38015	2	Burleigh
38017	6	Cass
38019	1	Cavalier
38021	1	Dickey
38023	1	Divide
38025	0	Dunn
38027	0	Eddy
38029	1	Emmons
38031	1	Foster
38033	0	Golden Valley
38035	5	Grand Forks
38037	1	Grant
38039	1	Griggs
38041	0	Hettinger
38043	0	Kidder
38045	0	LaMoure
38047	0	Logan
38049	0	McHenry
38051	2	McIntosh
38053	1	McKenzie
38055	2	McLean
38057	1	Mercer
38059	1	Morton
38061	1	Mountrail
38063	1	Nelson
38065	0	Oliver
38067	1	Pembina
38069	1	Pierce
38071	1	Ramsey
38073	1	Ransom
38075	0	Renville
38077	0	Richland
38079	2	Rolette
38081	0	Sargent
38083	0	Sheridan
38085	1	Sioux
38087	0	Slope
38089	2	Stark
38091	0	Steele
38093	2	Stutsman
38095	1	Towner
38097	2	Traill
38099	2	Walsh
38101	3	Ward
38103	1	Wells
38105	2	Williams
39001	1	Adams
39003	5	Allen
39005	1	Ashland
39007	5	Ashtabula
39009	3	Athens
39011	1	Auglaize
39013	4	Belmont
39015	1	Brown
39017	8	Butler
39019	0	Carroll
39021	1	Champaign
39023	5	Clark
39025	1	Clermont
39027	1	Clinton
39029	2	Columbiana
39031	1	Coshocton
39033	2	Crawford
39035	28	Cuyahoga
39037	1	Darke
39039	3	Defiance
39041	2	Delaware
39043	2	Erie
39045	2	Fairfield
39047	1	Fayette
39049	23	Franklin
39051	1	Fulton
39053	1	Gallia
39055	2	Geauga
39057	3	Greene
39059	2	Guernsey
39061	23	Hamilton
39063	2	Hancock
39065	1	Hardin
39067	1	Harrison
39069	1	Henry
39071	2	Highland
39073	1	Hocking
39075	1	Holmes
39077	2	Huron
39079	1	Jackson
39081	4	Jefferson
39083	1	Knox
39085	3	Lake
39087	1	Lawrence
39089	4	Licking
39091	1	Logan
39093	5	Lorain
39095	13	Lucas
39097	1	Madison
39099	8	Mahoning
39101	1	Marion
39103	3	Medina
39105	0	Meigs
39107	1	Mercer
39109	1	Miami
39111	0	Monroe
39113	17	Montgomery
39115	0	Morgan
39117	1	Morrow
39119	3	Muskingum
39121	0	Noble
39123	1	Ottawa
39125	1	Paulding
39127	0	Perry
39129	1	Pickaway
39131	1	Pike
39133	1	Portage
39135	0	Preble
39137	0	Putnam
39139	3	Richland
39141	2	Ross
39143	4	Sandusky
39145	2	Scioto
39147	1	Seneca
39149	1	Shelby
39151	8	Stark
39153	12	Summit
39155	7	Trumbull
39157	3	Tuscarawas
39159	1	Union
39161	2	Van Wert
39163	0	Vinton
39165	4	Warren
39167	2	Washington
39169	2	Wayne
39171	2	Williams
39173	1	Wood
39175	1	Wyandot
40001	1	Adair
40003	0	Alfalfa
40005	1	Atoka
40007	1	Beaver
40009	2	Beckham
40011	2	Blaine
40013	1	Bryan
40015	2	Caddo
40017	2	Canadian
40019	2	Carter
40021	2	Cherokee
40023	2	Choctaw
40025	1	Cimarron
40027	6	Cleveland
40029	1	Coal
40031	5	Comanche
40033	0	Cotton
40035	1	Craig
40037	3	Creek
40039	2	Custer
40041	1	Delaware
40043	1	Dewey
40045	1	Ellis
40047	3	Garfield
40049	2	Garvin
40051	1	Grady
40053	0	Grant
40055	1	Greer
40057	1	Harmon
40059	1	Harper
40061	1	Haskell
40063	1	Hughes
40065	1	Jackson
40067	1	Jefferson
40069	1	Johnston
40071	2	Kay
40073	1	Kingfisher
40075	1	Kiowa
40077	2	Latimer
40079	1	Le Flore
40081	2	Lincoln
40083	1	Logan
40085	1	Love
40087	1	McClain
40089	1	McCurtain
40091	1	McIntosh
40093	1	Major
40095	1	Marshall
40097	1	Mayes
40099	1	Murray
40101	4	Muskogee
40103	1	Noble
40105	1	Nowata
40107	1	Okfuskee
40109	29	Oklahoma
40111	4	Okmulgee
40113	2	Osage
40115	2	Ottawa
40117	1	Pawnee
40119	2	Payne
40121	2	Pittsburg
40123	3	Pontotoc
40125	2	Pottawatomie
40127	1	Pushmataha
40129	1	Roger Mills
40131	2	Rogers
40133	1	Seminole
40135	1	Sequoyah
40137	1	Stephens
40139	1	Texas
40141	1	Tillman
40143	21	Tulsa
40145	1	Wagoner
40147	1	Washington
40149	1	Washita
40151	1	Woods
40153	2	Woodward
41001	1	Baker
41003	1	Benton
41005	4	Clackamas
41007	2	Clatsop
41009	0	Columbia
41011	3	Coos
41013	2	Crook
41015	2	Curry
41017	2	Deschutes
41019	3	Douglas
41021	0	Gilliam
41023	1	Grant
41025	1	Harney
41027	1	Hood River
41029	4	Jackson
41031	1	Jefferson
41033	1	Josephine
41035	1	Klamath
41037	1	Lake
41039	6	Lane
41041	2	Lincoln
41043	2	Linn
41045	1	Malheur
41047	4	Marion
41049	1	Morrow
41051	12	Multnomah
41053	1	Polk
41055	0	Sherman
41057	1	Tillamook
41059	4	Umatilla
41061	1	Union
41063	1	Wallowa
41065	1	Wasco
41067	5	Washington
41069	0	Wheeler
41071	2	Yamhill
42001	1	Adams
42003	32	Allegheny
42005	1	Armstrong
42007	2	Beaver
42009	1	Bedford
42011	6	Berks
42013	5	Blair
42015	4	Bradford
42017	9	Bucks
42019	3	Butler
42021	4	Cambria
42023	0	Cameron
42025	2	Carbon
42027	3	Centre
42029	10	Chester
42031	2	Clarion
42033	2	Clearfield
42035	2	Clinton
42037	2	Columbia
42039	2	Crawford
42041	5	Cumberland
42043	7	Dauphin
42045	8	Delaware
42047	1	Elk
42049	9	Erie
42051	2	Fayette
42053	0	Forest
42055	3	Franklin
42057	1	Fulton
42059	1	Greene
42061	1	Huntingdon
42063	1	Indiana
42065	2	Jefferson
42067	0	Juniata
42069	6	Lackawanna
42071	5	Lancaster
42073	2	Lawrence
42075	3	Lebanon
42077	10	Lehigh
42079	8	Luzerne
42081	4	Lycoming
42083	2	McKean
42085	5	Mercer
42087	1	Mifflin
42089	1	Monroe
42091	16	Montgomery
42093	4	Montour
42095	3	Northampton
42097	2	Northumberland
42099	0	Perry
42101	35	Philadelphia
42103	0	Pike
42105	1	Potter
42107	3	Schuylkill
42109	0	Snyder
42111	3	Somerset
42113	0	Sullivan
42115	3	Susquehanna
42117	1	Tioga
42119	1	Union
42121	1	Venango
42123	2	Warren
42125	4	Washington
42127	2	Wayne
42129	6	Westmoreland
42131	1	Wyoming
42133	7	York
44001	0	Bristol
44003	1	Kent
44005	2	Newport
44007	16	Providence
44009	2	Washington
45001	1	Abbeville
45003	1	Aiken
45005	1	Allendale
45007	4	Anderson
45009	0	Bamberg
45011	1	Barnwell
45013	3	Beaufort
45015	0	Berkeley
45017	0	Calhoun
45019	11	Charleston
45021	1	Cherokee
45023	1	Chester
45025	1	Chesterfield
45027	2	Clarendon
45029	1	Colleton
45031	2	Darlington
45033	1	Dillon
45035	2	Dorchester
45037	1	Edgefield
45039	1	Fairfield
45041	7	Florence
45043	2	Georgetown
45045	12	Greenville
45047	2	Greenwood
45049	1	Hampton
45051	5	Horry
45053	1	Jasper
45055	1	Kershaw
45057	2	Lancaster
45059	1	Laurens
45061	1	Lee
45063	3	Lexington
45065	0	McCormick
45067	1	Marion
45069	1	Marlboro
45071	1	Newberry
45073	1	Oconee
45075	2	Orangeburg
45077	2	Pickens
45079	16	Richland
45081	0	Saluda
45083	6	Spartanburg
45085	1	Sumter
45087	1	Union
45089	1	Williamsburg
45091	2	York
46003	0	Aurora
46005	1	Beadle
46007	1	Bennett
46009	2	Bon Homme
46011	1	Brookings
46013	3	Brown
46015	1	Brule
46017	0	Buffalo
46019	0	Butte
46021	0	Campbell
46023	2	Charles Mix
46025	0	Clark
46027	1	Clay
46029	1	Codington
46031	1	Corson
46033	1	Custer
46035	1	Davison
46037	1	Day
46039	1	Deuel
46041	1	Dewey
46043	1	Douglas
46045	1	Edmunds
46047	3	Fall River
46049	1	Faulk
46051	1	Grant
46053	2	Gregory
46055	1	Haakon
46057	0	Hamlin
46059	1	Hand
46061	0	Hanson
46063	0	Harding
46065	1	Hughes
46067	2	Hutchinson
46069	0	Hyde
46071	0	Jackson
46073	1	Jerauld
46075	0	Jones
46077	1	Kingsbury
46079	2	Lake
46081	3	Lawrence
46083	5	Lincoln
46085	0	Lyman
46087	0	McCook
46089	1	McPherson
46091	1	Marshall
46093	2	Meade
46095	0	Mellette
46097	0	Miner
46099	8	Minnehaha
46101	1	Moody
46103	6	Pennington
46105	0	Perkins
46107	2	Potter
46109	1	Roberts
46111	0	Sanborn
46113	1	Shannon
46115	1	Spink
46117	0	Stanley
46119	0	Sully
46121	1	Todd
46123	1	Tripp
46125	1	Turner
46127	1	Union
46129	1	Walworth
46135	3	Yankton
46137	0	Ziebach
47001	1	Anderson
47003	2	Bedford
47005	1	Benton
47007	1	Bledsoe
47009	2	Blount
47011	2	Bradley
47013	2	Campbell
47015	1	Cannon
47017	2	Carroll
47019	1	Carter
47021	1	Cheatham
47023	0	Chester
47025	1	Claiborne
47027	1	Clay
47029	1	Cocke
47031	3	Coffee
47033	0	Crockett
47035	1	Cumberland
47037	15	Davidson
47039	1	Decatur
47041	1	DeKalb
47043	1	Dickson
47045	1	Dyer
47047	1	Fayette
47049	1	Fentress
47051	2	Franklin
47053	3	Gibson
47055	1	Giles
47057	0	Grainger
47059	2	Greene
47061	0	Grundy
47063	2	Hamblen
47065	13	Hamilton
47067	1	Hancock
47069	1	Hardeman
47071	1	Hardin
47073	1	Hawkins
47075	1	Haywood
47077	1	Henderson
47079	1	Henry
47081	1	Hickman
47083	1	Houston
47085	1	Humphreys
47087	1	Jackson
47089	1	Jefferson
47091	1	Johnson
47093	13	Knox
47095	0	Lake
47097	1	Lauderdale
47099	1	Lawrence
47101	0	Lewis
47103	1	Lincoln
47105	1	Loudon
47107	2	McMinn
47109	1	McNairy
47111	1	Macon
47113	3	Madison
47115	1	Marion
47117	1	Marshall
47119	1	Maury
47121	0	Meigs
47123	1	Monroe
47125	2	Montgomery
47127	0	Moore
47129	0	Morgan
47131	1	Obion
47133	1	Overton
47135	1	Perry
47137	0	Pickett
47139	1	Polk
47141	1	Putnam
47143	1	Rhea
47145	2	Roane
47147	1	Robertson
47149	5	Rutherford
47151	1	Scott
47153	0	Sequatchie
47155	1	Sevier
47157	23	Shelby
47159	1	Smith
47161	0	Stewart
47163	5	Sullivan
47165	3	Sumner
47167	1	Tipton
47169	1	Trousdale
47171	1	Unicoi
47173	0	Union
47175	0	Van Buren
47177	1	Warren
47179	7	Washington
47181	1	Wayne
47183	2	Weakley
47185	1	White
47187	2	Williamson
47189	2	Wilson
48001	2	Anderson
48003	1	Andrews
48005	4	Angelina
48007	0	Aransas
48009	0	Archer
48011	0	Armstrong
48013	1	Atascosa
48015	1	Austin
48017	1	Bailey
48019	0	Bandera
48021	1	Bastrop
48023	1	Baylor
48025	1	Bee
48027	10	Bell
48029	48	Bexar
48031	0	Blanco
48033	0	Borden
48035	1	Bosque
48037	6	Bowie
48039	5	Brazoria
48041	6	Brazos
48043	1	Brewster
48045	0	Briscoe
48047	0	Brooks
48049	1	Brown
48051	1	Burleson
48053	2	Burnet
48055	2	Caldwell
48057	1	Calhoun
48059	0	Callahan
48061	11	Cameron
48063	1	Camp
48065	0	Carson
48067	2	Cass
48069	1	Castro
48071	2	Chambers
48073	3	Cherokee
48075	1	Childress
48077	1	Clay
48079	1	Cochran
48081	0	Coke
48083	1	Coleman
48085	29	Collin
48087	1	Collingsworth
48089	3	Colorado
48091	4	Comal
48093	1	Comanche
48095	1	Concho
48097	2	Cooke
48099	1	Coryell
48101	0	Cottle
48103	1	Crane
48105	0	Crockett
48107	1	Crosby
48109	1	Culberson
48111	0	Dallam
48113	57	Dallas
48115	1	Dawson
48117	2	Deaf Smith
48119	0	Delta
48121	18	Denton
48123	1	DeWitt
48125	0	Dickens
48127	1	Dimmit
48129	0	Donley
48131	0	Duval
48133	1	Eastland
48135	4	Ector
48137	0	Edwards
48139	3	Ellis
48141	17	El Paso
48143	1	Erath
48145	1	Falls
48147	2	Fannin
48149	1	Fayette
48151	1	Fisher
48153	1	Floyd
48155	0	Foard
48157	12	Fort Bend
48159	1	Franklin
48161	1	Freestone
48163	2	Frio
48165	1	Gaines
48167	4	Galveston
48169	0	Garza
48171	1	Gillespie
48173	0	Glasscock
48175	0	Goliad
48177	1	Gonzales
48179	1	Gray
48181	8	Grayson
48183	6	Gregg
48185	1	Grimes
48187	2	Guadalupe
48189	2	Hale
48191	0	Hall
48193	1	Hamilton
48195	1	Hansford
48197	2	Hardeman
48199	1	Hardin
48201	105	Harris
48203	1	Harrison
48205	1	Hartley
48207	1	Haskell
48209	4	Hays
48211	1	Hemphill
48213	1	Henderson
48215	17	Hidalgo
48217	2	Hill
48219	1	Hockley
48221	1	Hood
48223	1	Hopkins
48225	1	Houston
48227	3	Howard
48229	0	Hudspeth
48231	3	Hunt
48233	2	Hutchinson
48235	0	Irion
48237	2	Jack
48239	1	Jackson
48241	1	Jasper
48243	0	Jeff Davis
48245	14	Jefferson
48247	0	Jim Hogg
48249	1	Jim Wells
48251	1	Johnson
48253	3	Jones
48255	1	Karnes
48257	3	Kaufman
48259	0	Kendall
48261	0	Kenedy
48263	0	Kent
48265	3	Kerr
48267	1	Kimble
48269	0	King
48271	0	Kinney
48273	1	Kleberg
48275	1	Knox
48277	3	Lamar
48279	1	Lamb
48281	1	Lampasas
48283	0	La Salle
48285	2	Lavaca
48287	0	Lee
48289	0	Leon
48291	3	Liberty
48293	2	Limestone
48295	0	Lipscomb
48297	0	Live Oak
48299	1	Llano
48301	0	Loving
48303	10	Lubbock
48305	1	Lynn
48307	1	McCulloch
48309	5	McLennan
48311	0	McMullen
48313	1	Madison
48315	0	Marion
48317	2	Martin
48319	0	Mason
48321	2	Matagorda
48323	1	Maverick
48325	1	Medina
48327	0	Menard
48329	5	Midland
48331	2	Milam
48333	0	Mills
48335	1	Mitchell
48337	2	Montague
48339	15	Montgomery
48341	1	Moore
48343	0	Morris
48345	0	Motley
48347	3	Nacogdoches
48349	1	Navarro
48351	0	Newton
48353	1	Nolan
48355	14	Nueces
48357	1	Ochiltree
48359	0	Oldham
48361	1	Orange
48363	1	Palo Pinto
48365	1	Panola
48367	2	Parker
48369	1	Parmer
48371	2	Pecos
48373	1	Polk
48375	9	Potter
48377	0	Presidio
48379	0	Rains
48381	1	Randall
48383	2	Reagan
48385	0	Real
48387	1	Red River
48389	1	Reeves
48391	1	Refugio
48393	0	Roberts
48395	0	Robertson
48397	3	Rockwall
48399	2	Runnels
48401	1	Rusk
48403	1	Sabine
48405	1	San Augustine
48407	0	San Jacinto
48409	1	San Patricio
48411	0	San Saba
48413	1	Schleicher
48415	1	Scurry
48417	0	Shackelford
48419	1	Shelby
48421	0	Sherman
48423	9	Smith
48425	1	Somervell
48427	1	Starr
48429	1	Stephens
48431	0	Sterling
48433	1	Stonewall
48435	1	Sutton
48437	1	Swisher
48439	55	Tarrant
48441	6	Taylor
48443	0	Terrell
48445	1	Terry
48447	1	Throckmorton
48449	1	Titus
48451	4	Tom Green
48453	27	Travis
48455	1	Trinity
48457	1	Tyler
48459	1	Upshur
48461	3	Upton
48463	1	Uvalde
48465	1	Val Verde
48467	1	Van Zandt
48469	6	Victoria
48471	1	Walker
48473	0	Waller
48475	1	Ward
48477	1	Washington
48479	6	Webb
48481	2	Wharton
48483	2	Wheeler
48485	7	Wichita
48487	2	Wilbarger
48489	0	Willacy
48491	12	Williamson
48493	1	Wilson
48495	1	Winkler
48497	3	Wise
48499	2	Wood
48501	1	Yoakum
48503	2	Young
48505	0	Zapata
48507	0	Zavala
49001	2	Beaver
49003	2	Box Elder
49005	2	Cache
49007	1	Carbon
49009	0	Daggett
49011	5	Davis
49013	2	Duchesne
49015	0	Emery
49017	1	Garfield
49019	1	Grand
49021	1	Iron
49023	1	Juab
49025	1	Kane
49027	2	Millard
49029	0	Morgan
49031	0	Piute
49033	0	Rich
49035	24	Salt Lake
49037	2	San Juan
49039	2	Sanpete
49041	1	Sevier
49043	1	Summit
49045	1	Tooele
49047	1	Uintah
49049	10	Utah
49051	1	Wasatch
49053	2	Washington
49055	0	Wayne
49057	2	Weber
50001	1	Addison
50003	1	Bennington
50005	1	Caledonia
50007	1	Chittenden
50009	0	Essex
50011	1	Franklin
50013	0	Grand Isle
50015	1	Lamoille
50017	1	Orange
50019	1	Orleans
50021	1	Rutland
50023	2	Washington
50025	3	Windham
50027	3	Windsor
51001	0	Accomack
51003	4	Albemarle
51005	1	Alleghany
51007	0	Amelia
51009	0	Amherst
51011	0	Appomattox
51013	1	Arlington
51015	1	Augusta
51017	1	Bath
51019	0	Bedford
51021	0	Bland
51023	0	Botetourt
51025	0	Brunswick
51027	1	Buchanan
51029	0	Buckingham
51031	0	Campbell
51033	0	Caroline
51035	0	Carroll
51036	0	Charles City
51037	0	Charlotte
51041	4	Chesterfield
51043	0	Clarke
51045	0	Craig
51047	1	Culpeper
51049	0	Cumberland
51051	1	Dickenson
51053	1	Dinwiddie
51057	1	Essex
51059	8	Fairfax
51061	1	Fauquier
51063	0	Floyd
51065	0	Fluvanna
51067	1	Franklin
51069	0	Frederick
51071	2	Giles
51073	1	Gloucester
51075	0	Goochland
51077	0	Grayson
51079	0	Greene
51081	0	Greensville
51083	1	Halifax
51085	2	Hanover
51087	5	Henrico
51089	0	Henry
51091	0	Highland
51093	0	Isle of Wight
51095	3	James City
51097	0	King and Queen
51099	0	King George
51101	0	King William
51103	1	Lancaster
51105	1	Lee
51107	4	Loudoun
51109	0	Louisa
51111	0	Lunenburg
51113	0	Madison
51115	0	Mathews
51117	1	Mecklenburg
51119	0	Middlesex
51121	2	Montgomery
51125	0	Nelson
51127	1	New Kent
51131	1	Northampton
51133	0	Northumberland
51135	1	Nottoway
51137	0	Orange
51139	1	Page
51141	1	Patrick
51143	0	Pittsylvania
51145	0	Powhatan
51147	1	Prince Edward
51149	0	Prince George
51153	4	Prince William
51155	1	Pulaski
51157	0	Rappahannock
51159	0	Richmond
51161	1	Roanoke
51163	0	Rockbridge
51165	1	Rockingham
51167	1	Russell
51169	0	Scott
51171	1	Shenandoah
51173	3	Smyth
51175	0	Southampton
51177	1	Spotsylvania
51179	1	Stafford
51181	0	Surry
51183	0	Sussex
51185	2	Tazewell
51187	1	Warren
51191	2	Washington
51193	0	Westmoreland
51195	1	Wise
51197	1	Wythe
51199	2	York
51510	1	Alexandria
51515	1	Bedford
51520	2	Bristol
51530	0	Buena Vista
51540	1	Charlottesville
51550	1	Chesapeake
51570	0	Colonial Heights
51580	0	Covington
51590	2	Danville
51595	1	Emporia
51600	0	Fairfax
51610	0	Falls Church
51620	1	Franklin
51630	2	Fredericksburg
51640	1	Galax
51650	4	Hampton
51660	1	Harrisonburg
51670	1	Hopewell
51678	1	Lexington
51680	3	Lynchburg
51683	0	Manassas
51685	0	Manassas Park
51690	1	Martinsville
51700	5	Newport News
51710	7	Norfolk
51720	2	Norton
51730	3	Petersburg
51735	0	Poquoson
51740	2	Portsmouth
51750	0	Radford
51760	6	Richmond
51770	2	Roanoke
51775	2	Salem
51790	2	Staunton
51800	3	Suffolk
51810	4	Virginia Beach
51820	0	Waynesboro
51830	1	Williamsburg
51840	2	Winchester
53001	2	Adams
53003	1	Asotin
53005	4	Benton
53007	4	Chelan
53009	2	Clallam
53011	4	Clark
53013	1	Columbia
53015	2	Cowlitz
53017	0	Douglas
53019	1	Ferry
53021	1	Franklin
53023	1	Garfield
53025	4	Grant
53027	4	Grays Harbor
53029	2	Island
53031	1	Jefferson
53033	32	King
53035	4	Kitsap
53037	1	Kittitas
53039	2	Klickitat
53041	2	Lewis
53043	2	Lincoln
53045	1	Mason
53047	3	Okanogan
53049	2	Pacific
53051	1	Pend Oreille
53053	13	Pierce
53055	1	San Juan
53057	3	Skagit
53059	0	Skamania
53061	8	Snohomish
53063	10	Spokane
53065	2	Stevens
53067	2	Thurston
53069	0	Wahkiakum
53071	3	Walla Walla
53073	2	Whatcom
53075	2	Whitman
53077	4	Yakima
54001	1	Barbour
54003	2	Berkeley
54005	1	Boone
54007	1	Braxton
54009	2	Brooke
54011	6	Cabell
54013	1	Calhoun
54015	0	Clay
54017	0	Doddridge
54019	2	Fayette
54021	0	Gilmer
54023	1	Grant
54025	1	Greenbrier
54027	1	Hampshire
54029	0	Hancock
54031	0	Hardy
54033	3	Harrison
54035	1	Jackson
54037	1	Jefferson
54039	8	Kanawha
54041	2	Lewis
54043	0	Lincoln
54045	1	Logan
54047	1	McDowell
54049	1	Marion
54051	1	Marshall
54053	1	Mason
54055	3	Mercer
54057	1	Mineral
54059	1	Mingo
54061	3	Monongalia
54063	0	Monroe
54065	1	Morgan
54067	1	Nicholas
54069	4	Ohio
54071	0	Pendleton
54073	0	Pleasants
54075	1	Pocahontas
54077	2	Preston
54079	1	Putnam
54081	3	Raleigh
54083	1	Randolph
54085	0	Ritchie
54087	1	Roane
54089	1	Summers
54091	1	Taylor
54093	0	Tucker
54095	1	Tyler
54097	1	Upshur
54099	1	Wayne
54101	1	Webster
54103	1	Wetzel
54105	0	Wirt
54107	2	Wood
54109	0	Wyoming
55001	1	Adams
55003	1	Ashland
55005	3	Barron
55007	0	Bayfield
55009	7	Brown
55011	0	Buffalo
55013	1	Burnett
55015	1	Calumet
55017	2	Chippewa
55019	2	Clark
55021	2	Columbia
55023	2	Crawford
55025	9	Dane
55027	3	Dodge
55029	1	Door
55031	1	Douglas
55033	1	Dunn
55035	3	Eau Claire
55037	0	Florence
55039	4	Fond du Lac
55041	0	Forest
55043	4	Grant
55045	1	Green
55047	1	Green Lake
55049	1	Iowa
55051	0	Iron
55053	1	Jackson
55055	1	Jefferson
55057	1	Juneau
55059	3	Kenosha
55061	0	Kewaunee
55063	2	La Crosse
55065	1	Lafayette
55067	1	Langlade
55069	2	Lincoln
55071	2	Manitowoc
55073	3	Marathon
55075	1	Marinette
55077	0	Marquette
55078	0	Menominee
55079	22	Milwaukee
55081	3	Monroe
55083	2	Oconto
55085	2	Oneida
55087	3	Outagamie
55089	3	Ozaukee
55091	1	Pepin
55093	0	Pierce
55095	4	Polk
55097	1	Portage
55099	1	Price
55101	4	Racine
55103	1	Richland
55105	4	Rock
55107	1	Rusk
55109	4	St. Croix
55111	4	Sauk
55113	1	Sawyer
55115	1	Shawano
55117	2	Sheboygan
55119	2	Taylor
55121	2	Trempealeau
55123	2	Vernon
55125	1	Vilas
55127	2	Walworth
55129	2	Washburn
55131	2	Washington
55133	9	Waukesha
55135	1	Waupaca
55137	1	Waushara
55139	5	Winnebago
55141	3	Wood
56001	1	Albany
56003	2	Big Horn
56005	1	Campbell
56007	1	Carbon
56009	1	Converse
56011	1	Crook
56013	2	Fremont
56015	2	Goshen
56017	2	Hot Springs
56019	1	Johnson
56021	2	Laramie
56023	2	Lincoln
56025	6	Natrona
56027	1	Niobrara
56029	2	Park
56031	1	Platte
56033	2	Sheridan
56035	0	Sublette
56037	2	Sweetwater
56039	1	Teton
56041	2	Uinta
56043	1	Washakie
56045	1	Weston
72001	0	Adjuntas
72003	0	Aguada
72005	1	Aguadilla
72007	0	Aguas Buenas
72009	1	Aibonito
72011	0	A�asco
72013	1	Arecibo
72015	1	Arroyo
72017	0	Barceloneta
72019	0	Barranquitas
72021	6	Bayam�n
72023	1	Cabo Rojo
72025	2	Caguas
72027	0	Camuy
72029	0	Can�vanas
72031	1	Carolina
72033	0	Cata�o
72035	1	Cayey
72037	0	Ceiba
72039	0	Ciales
72041	1	Cidra
72043	0	Coamo
72045	0	Comer�o
72047	0	Corozal
72049	1	Culebra
72051	0	Dorado
72053	2	Fajardo
72054	0	Florida
72055	0	Gu�nica
72057	2	Guayama
72059	0	Guayanilla
72061	1	Guaynabo
72063	0	Gurabo
72065	0	Hatillo
72067	0	Hormigueros
72069	3	Humacao
72071	0	Isabela
72073	0	Jayuya
72075	0	Juana D�az
72077	0	Juncos
72079	0	Lajas
72081	1	Lares
72083	0	Las Mar�as
72085	0	Las Piedras
72087	0	Lo�za
72089	0	Luquillo
72091	4	Manat�
72093	0	Maricao
72095	0	Maunabo
72097	5	Mayag�ez
72099	1	Moca
72101	0	Morovis
72103	0	Naguabo
72105	0	Naranjito
72107	1	Orocovis
72109	0	Patillas
72111	0	Pe�uelas
72113	6	Ponce
72115	0	Quebradillas
72117	0	Rinc�n
72119	0	R�o Grande
72121	0	Sabana Grande
72123	0	Salinas
72125	2	San Germ�n
72127	24	San Juan
72129	0	San Lorenzo
72131	0	San Sebasti�n
72133	0	Santa Isabel
72135	0	Toa Alta
72137	0	Toa Baja
72139	0	Trujillo Alto
72141	1	Utuado
72143	0	Vega Alta
72145	1	Vega Baja
72147	1	Vieques
72149	0	Villalba
72151	0	Yabucoa
72153	1	Yauco
02020	9	Anchorage
02122	3	Kenai Peninsula
02070	1	Dillingham
02130	1	Ketchikan Gateway
02090	3	Fairbanks North Star
02150	1	Kodiak Island
02220	2	Sitka
02275	1	Wrangell
02180	1	Nome
02170	1	Matanuska-Susitna
02195	1	Petersburg
02261	3	Valdez-Cordova
02188	1	Northwest Arctic
undefined	8	undefined
02016	1	Aleutians West
02185	1	North Slope
06059	40	Orange
06071	32	San Bernardino
06037	131	Los Angeles
06109	3	Tuolumne
06083	9	Santa Barbara
06029	15	Kern
06097	12	Sonoma
08069	7	Larimer
08035	6	Douglas
08001	7	Adams
09009	10	New Haven
09013	3	Tolland
09001	7	Fairfield
04013	73	Maricopa
05133	1	Sevier
05131	7	Sebastian
05141	1	Van Buren
05145	3	White
05149	2	Yell
05019	1	Clark
05015	2	Carroll
05017	2	Chicot
05011	1	Bradley
05121	1	Randolph
05123	1	St. Francis
05125	2	Saline
05043	1	Drew
05039	1	Dallas
05031	6	Craighead
05035	2	Crittenden
05107	1	Phillips
05103	1	Ouachita
05109	1	Pike
05009	1	Boone
05005	1	Baxter
05003	1	Ashley
05001	2	Arkansas
05139	1	Union
05137	1	Stone
05041	2	Desha
05045	2	Faulkner
05049	1	Fulton
05075	1	Lawrence
05071	1	Johnson
05093	2	Mississippi
05027	1	Columbia
05021	1	Clay
05023	1	Cleburne
05029	1	Conway
05115	1	Pope
05119	22	Pulaski
05051	6	Garland
05055	1	Greene
05059	2	Hot Spring
05069	2	Jefferson
05063	1	Independence
05065	1	Izard
05143	10	Washington
05033	1	Crawford
05007	6	Benton
05113	1	Polk
05057	1	Hempstead
05061	2	Howard
05083	2	Logan
05081	1	Little River
05067	1	Jackson
05037	1	Cross
05127	1	Scott
05091	1	Miller
04019	20	Pima
08089	1	Otero
08077	6	Mesa
08031	16	Denver
08041	12	El Paso
08101	4	Pueblo
08043	1	Fremont
04017	6	Navajo
04015	5	Mohave
04025	6	Yavapai
04027	3	Yuma
02050	1	Bethel
09003	12	Hartford
09011	2	New London
09015	2	Windham
09007	1	Middlesex
09005	3	Litchfield
04007	3	Gila
04005	4	Coconino
04003	8	Cochise
04021	7	Pinal
06007	7	Butte
06073	37	San Diego
06075	17	San Francisco
06031	4	Kings
06079	7	San Luis Obispo
06111	13	Ventura
06001	27	Alameda
06069	2	San Benito
06065	24	Riverside
06085	16	Santa Clara
06089	7	Shasta
06041	4	Marin
06043	1	Mariposa
06049	2	Modoc
06019	15	Fresno
06013	12	Contra Costa
06063	3	Plumas
06105	1	Trinity
06067	19	Sacramento
06053	4	Monterey
06057	2	Nevada
06099	11	Stanislaus
06101	4	Sutter
06107	7	Tulare
06095	7	Solano
06087	5	Santa Cruz
08005	9	Arapahoe
08103	2	Rio Blanco
06081	11	San Mateo
06103	1	Tehama
08123	1	Weld
08013	6	Boulder
06005	1	Amador
06115	2	Yuba
06055	3	Napa
06113	2	Yolo
08087	2	Morgan
08085	1	Montrose
08083	1	Montezuma
08067	2	La Plata
06015	1	Del Norte
06009	1	Calaveras
08045	2	Garfield
06077	10	San Joaquin
06035	1	Lassen
06033	2	Lake
06039	2	Madera
08059	3	Jefferson
06061	4	Placer
06045	3	Mendocino
06047	3	Merced
06017	3	El Dorado
06011	1	Colusa
08075	1	Logan
08071	1	Las Animas
06023	6	Humboldt
06021	1	Glenn
08117	1	Summit
06093	2	Siskiyou
08037	1	Eagle
08107	1	Routt
08105	1	Rio Grande
08007	1	Archuleta
08003	1	Alamosa
05047	1	Franklin
01015	4	Calhoun
01027	1	Clay
01083	2	Limestone
01003	4	Baldwin
01073	14	Jefferson
01117	3	Shelby
04012	2	La Paz
01095	2	Marshall
01053	2	Escambia
01023	1	Choctaw
01131	1	Wilcox
01107	1	Pickens
04001	4	Apache
04009	1	Graham
04023	1	Santa Cruz
01007	1	Bibb
01129	1	Washington
01043	2	Cullman
01103	4	Morgan
01091	1	Marengo
01069	5	Houston
01031	1	Coffee
01035	1	Conecuh
01057	1	Fayette
01039	3	Covington
01055	4	Etowah
01061	1	Geneva
01013	2	Butler
01065	1	Hale
01133	1	Winston
01089	7	Madison
01025	2	Clarke
01127	1	Walker
01041	2	Crenshaw
01097	7	Mobile
01099	1	Monroe
01101	7	Montgomery
01079	1	Lawrence
01033	2	Colbert
01125	7	Tuscaloosa
01009	1	Blount
01081	1	Lee
01045	1	Dale
01115	1	St. Clair
01113	2	Russell
01001	1	Autauga
01059	2	Franklin
01071	1	Jackson
01047	1	Dallas
01109	1	Pike
01121	2	Talladega
01051	2	Elmore
01087	1	Macon
01011	1	Bullock
01017	1	Chambers
01111	1	Randolph
01093	2	Marion
01119	1	Sumter
02110	1	Juneau
01077	1	Lauderdale
01005	1	Barbour
01063	1	Greene
01123	2	Tallapoosa
01049	1	DeKalb
01019	1	Cherokee
08015	1	Chaffee
08017	1	Cheyenne
06091	1	Sierra
08081	1	Moffat
08065	1	Lake
08061	1	Kiowa
08063	1	Kit Carson
08049	2	Grand
08055	1	Huerfano
08051	1	Gunnison
06027	2	Inyo
08029	1	Delta
08099	1	Prowers
08095	2	Phillips
08097	1	Pitkin
08073	1	Lincoln
06025	2	Imperial
08021	1	Conejos
08119	1	Teller
08115	1	Sedgwick
06051	1	Mono
08009	1	Baca
08125	2	Yuma
01029	0	Cleburne
01037	0	Coosa
01067	0	Henry
01075	0	Lamar
01085	0	Lowndes
01021	0	Chilton
01105	0	Perry
02013	0	Aleutians East
02060	0	Bristol Bay
02068	0	Denali
02105	0	Hoonah-Angoon
02164	0	Lake and Peninsula
02240	0	Southeast Fairbanks
02270	0	Wade Hampton
02290	0	Yukon-Koyukuk
02198	0	Prince of Wales-Hyder
02230	0	Skagway
02282	0	Yakutat
02100	0	Haines
04011	0	Greenlee
05053	0	Grant
05077	0	Lee
05013	0	Calhoun
05073	0	Lafayette
05085	0	Lonoke
05095	0	Monroe
05097	0	Montgomery
05099	0	Nevada
05117	0	Prairie
05147	0	Woodruff
05025	0	Cleveland
05079	0	Lincoln
05087	0	Madison
05089	0	Marion
05101	0	Newton
05105	0	Perry
05111	0	Poinsett
05129	0	Searcy
05135	0	Sharp
06003	0	Alpine
08053	0	Hinsdale
08079	0	Mineral
08011	0	Bent
08019	0	Clear Creek
08023	0	Costilla
08027	0	Custer
08057	0	Jackson
08091	0	Ouray
08093	0	Park
08109	0	Saguache
08111	0	San Juan
08113	0	San Miguel
08014	0	Broomfield
08025	0	Crowley
08033	0	Dolores
08039	0	Elbert
08047	0	Gilpin
08121	0	Washington
